{
	"start":	{
		"connected":	[{
				"socket":	5,
				"local_host":	"192.168.1.71",
				"local_port":	54251,
				"remote_host":	"3.69.220.213",
				"remote_port":	5201
			}],
		"version":	"iperf 3.20",
		"system_info":	"Darwin MacBook-Pro-de-Juan-2.local 25.4.0 Darwin Kernel Version 25.4.0: Wed Feb 25 21:00:20 PST 2026; root:xnu-12377.100.630.501.3~2/RELEASE_X86_64 x86_64",
		"timestamp":	{
			"time":	"Thu, 05 Mar 2026 19:35:22 UTC",
			"timesecs":	1772739322,
			"timemillisecs":	1772739322123
		},
		"connecting_to":	{
			"host":	"3.69.220.213",
			"port":	5201
		},
		"cookie":	"uq2dltolwjwpnvrsoa5gs3ibxssxbdvbr4hb",
		"target_bitrate":	20000000,
		"fq_rate":	0,
		"sock_bufsize":	0,
		"sndbuf_actual":	9216,
		"rcvbuf_actual":	786896,
		"test_start":	{
			"protocol":	"UDP",
			"num_streams":	1,
			"blksize":	1400,
			"omit":	0,
			"duration":	10,
			"bytes":	0,
			"blocks":	0,
			"reverse":	0,
			"tos":	0,
			"target_bitrate":	20000000,
			"bidir":	0,
			"fqrate":	0,
			"interval":	1
		}
	},
	"intervals":	[{
			"streams":	[{
					"socket":	5,
					"start":	0,
					"end":	1.003701,
					"seconds":	1.0037009716033936,
					"bytes":	2510200,
					"bits_per_second":	20007552.6159151,
					"packets":	1793,
					"omitted":	false,
					"sender":	true
				}],
			"sum":	{
				"start":	0,
				"end":	1.003701,
				"seconds":	1.0037009716033936,
				"bytes":	2510200,
				"bits_per_second":	20007552.6159151,
				"packets":	1793,
				"omitted":	false,
				"sender":	true
			}
		}, {
			"streams":	[{
					"socket":	5,
					"start":	1.003701,
					"end":	2.003741,
					"seconds":	1.0000400543212891,
					"bytes":	2499000,
					"bits_per_second":	19991199.266081642,
					"packets":	1785,
					"omitted":	false,
					"sender":	true
				}],
			"sum":	{
				"start":	1.003701,
				"end":	2.003741,
				"seconds":	1.0000400543212891,
				"bytes":	2499000,
				"bits_per_second":	19991199.266081642,
				"packets":	1785,
				"omitted":	false,
				"sender":	true
			}
		}, {
			"streams":	[{
					"socket":	5,
					"start":	2.003741,
					"end":	3.003639,
					"seconds":	0.99989801645278931,
					"bytes":	2500400,
					"bits_per_second":	20005240.205358945,
					"packets":	1786,
					"omitted":	false,
					"sender":	true
				}],
			"sum":	{
				"start":	2.003741,
				"end":	3.003639,
				"seconds":	0.99989801645278931,
				"bytes":	2500400,
				"bits_per_second":	20005240.205358945,
				"packets":	1786,
				"omitted":	false,
				"sender":	true
			}
		}, {
			"streams":	[{
					"socket":	5,
					"start":	3.003639,
					"end":	4.003562,
					"seconds":	0.9999229907989502,
					"bytes":	2499000,
					"bits_per_second":	19993539.686517417,
					"packets":	1786,
					"omitted":	false,
					"sender":	true
				}],
			"sum":	{
				"start":	3.003639,
				"end":	4.003562,
				"seconds":	0.9999229907989502,
				"bytes":	2499000,
				"bits_per_second":	19993539.686517417,
				"packets":	1786,
				"omitted":	false,
				"sender":	true
			}
		}, {
			"streams":	[{
					"socket":	5,
					"start":	4.003562,
					"end":	5.002055,
					"seconds":	0.9984930157661438,
					"bytes":	2497600,
					"bits_per_second":	20010956.195490994,
					"packets":	1783,
					"omitted":	false,
					"sender":	true
				}],
			"sum":	{
				"start":	4.003562,
				"end":	5.002055,
				"seconds":	0.9984930157661438,
				"bytes":	2497600,
				"bits_per_second":	20010956.195490994,
				"packets":	1783,
				"omitted":	false,
				"sender":	true
			}
		}, {
			"streams":	[{
					"socket":	5,
					"start":	5.002055,
					"end":	6.003917,
					"seconds":	1.0018620491027832,
					"bytes":	2504600,
					"bits_per_second":	19999559.837548435,
					"packets":	1789,
					"omitted":	false,
					"sender":	true
				}],
			"sum":	{
				"start":	5.002055,
				"end":	6.003917,
				"seconds":	1.0018620491027832,
				"bytes":	2504600,
				"bits_per_second":	19999559.837548435,
				"packets":	1789,
				"omitted":	false,
				"sender":	true
			}
		}, {
			"streams":	[{
					"socket":	5,
					"start":	6.003917,
					"end":	7.003606,
					"seconds":	0.999688982963562,
					"bytes":	2499000,
					"bits_per_second":	19998219.7870522,
					"packets":	1785,
					"omitted":	false,
					"sender":	true
				}],
			"sum":	{
				"start":	6.003917,
				"end":	7.003606,
				"seconds":	0.999688982963562,
				"bytes":	2499000,
				"bits_per_second":	19998219.7870522,
				"packets":	1785,
				"omitted":	false,
				"sender":	true
			}
		}, {
			"streams":	[{
					"socket":	5,
					"start":	7.003606,
					"end":	8.000877,
					"seconds":	0.99727100133895874,
					"bytes":	2493400,
					"bits_per_second":	20001784.844057869,
					"packets":	1781,
					"omitted":	false,
					"sender":	true
				}],
			"sum":	{
				"start":	7.003606,
				"end":	8.000877,
				"seconds":	0.99727100133895874,
				"bytes":	2493400,
				"bits_per_second":	20001784.844057869,
				"packets":	1781,
				"omitted":	false,
				"sender":	true
			}
		}, {
			"streams":	[{
					"socket":	5,
					"start":	8.000877,
					"end":	9.000577,
					"seconds":	0.99970000982284546,
					"bytes":	2499000,
					"bits_per_second":	19997999.203323741,
					"packets":	1785,
					"omitted":	false,
					"sender":	true
				}],
			"sum":	{
				"start":	8.000877,
				"end":	9.000577,
				"seconds":	0.99970000982284546,
				"bytes":	2499000,
				"bits_per_second":	19997999.203323741,
				"packets":	1785,
				"omitted":	false,
				"sender":	true
			}
		}, {
			"streams":	[{
					"socket":	5,
					"start":	9.000577,
					"end":	10.004064,
					"seconds":	1.00348699092865,
					"bytes":	2508800,
					"bits_per_second":	20000657.887379676,
					"packets":	1792,
					"omitted":	false,
					"sender":	true
				}],
			"sum":	{
				"start":	9.000577,
				"end":	10.004064,
				"seconds":	1.00348699092865,
				"bytes":	2508800,
				"bits_per_second":	20000657.887379676,
				"packets":	1792,
				"omitted":	false,
				"sender":	true
			}
		}],
	"end":	{
		"streams":	[{
				"udp":	{
					"socket":	5,
					"start":	0,
					"end":	10.004064,
					"seconds":	10.004064,
					"bytes":	25011000,
					"bits_per_second":	20000671.727010142,
					"jitter_ms":	0.563016109956594,
					"lost_packets":	0,
					"packets":	17865,
					"lost_percent":	0,
					"out_of_order":	0,
					"sender":	true
				}
			}],
		"sum":	{
			"start":	0,
			"end":	10.513105,
			"seconds":	10.513105,
			"bytes":	25011000,
			"bits_per_second":	20000671.727010142,
			"jitter_ms":	0.563016109956594,
			"lost_packets":	0,
			"packets":	17865,
			"lost_percent":	0,
			"sender":	true
		},
		"sum_sent":	{
			"start":	0,
			"end":	10.004064,
			"seconds":	10.004064,
			"bytes":	25011000,
			"bits_per_second":	20000671.727010142,
			"jitter_ms":	0,
			"lost_packets":	0,
			"packets":	17865,
			"lost_percent":	0,
			"sender":	true
		},
		"sum_received":	{
			"start":	0,
			"end":	10.513105,
			"seconds":	10.513105,
			"bytes":	24057600,
			"bits_per_second":	18306751.430714332,
			"jitter_ms":	0.563016109956594,
			"lost_packets":	0,
			"packets":	17865,
			"lost_percent":	0,
			"sender":	false
		},
		"cpu_utilization_percent":	{
			"host_total":	5.3167373839980474,
			"host_user":	0.55271950611344833,
			"host_system":	4.7640178778846,
			"remote_total":	1.1224708219647448,
			"remote_user":	0.38106294785301836,
			"remote_system":	0.74140787411172637
		}
	}
}
