{
	"start":	{
		"connected":	[{
				"socket":	5,
				"local_host":	"192.168.1.71",
				"local_port":	50240,
				"remote_host":	"3.69.220.213",
				"remote_port":	5201
			}],
		"version":	"iperf 3.20",
		"system_info":	"Darwin MacBook-Pro-de-Juan-2.local 25.4.0 Darwin Kernel Version 25.4.0: Wed Feb 25 21:00:20 PST 2026; root:xnu-12377.100.630.501.3~2/RELEASE_X86_64 x86_64",
		"timestamp":	{
			"time":	"Thu, 05 Mar 2026 19:25:41 UTC",
			"timesecs":	1772738741,
			"timemillisecs":	1772738741086
		},
		"connecting_to":	{
			"host":	"3.69.220.213",
			"port":	5201
		},
		"cookie":	"5ig2nngt5uny3tqk65mdrmm4blqgd4n4v7zc",
		"target_bitrate":	10000000,
		"fq_rate":	0,
		"sock_bufsize":	0,
		"sndbuf_actual":	9216,
		"rcvbuf_actual":	786896,
		"test_start":	{
			"protocol":	"UDP",
			"num_streams":	1,
			"blksize":	1400,
			"omit":	0,
			"duration":	10,
			"bytes":	0,
			"blocks":	0,
			"reverse":	0,
			"tos":	0,
			"target_bitrate":	10000000,
			"bidir":	0,
			"fqrate":	0,
			"interval":	1
		}
	},
	"intervals":	[{
			"streams":	[{
					"socket":	5,
					"start":	0,
					"end":	1.001524,
					"seconds":	1.0015239715576172,
					"bytes":	1253000,
					"bits_per_second":	10008746.954314237,
					"packets":	895,
					"omitted":	false,
					"sender":	true
				}],
			"sum":	{
				"start":	0,
				"end":	1.001524,
				"seconds":	1.0015239715576172,
				"bytes":	1253000,
				"bits_per_second":	10008746.954314237,
				"packets":	895,
				"omitted":	false,
				"sender":	true
			}
		}, {
			"streams":	[{
					"socket":	5,
					"start":	1.001524,
					"end":	2.005064,
					"seconds":	1.0035400390625,
					"bytes":	1254400,
					"bits_per_second":	9999800.31626323,
					"packets":	896,
					"omitted":	false,
					"sender":	true
				}],
			"sum":	{
				"start":	1.001524,
				"end":	2.005064,
				"seconds":	1.0035400390625,
				"bytes":	1254400,
				"bits_per_second":	9999800.31626323,
				"packets":	896,
				"omitted":	false,
				"sender":	true
			}
		}, {
			"streams":	[{
					"socket":	5,
					"start":	2.005064,
					"end":	3.003076,
					"seconds":	0.9980120062828064,
					"bytes":	1247400,
					"bits_per_second":	9999078.10444937,
					"packets":	891,
					"omitted":	false,
					"sender":	true
				}],
			"sum":	{
				"start":	2.005064,
				"end":	3.003076,
				"seconds":	0.9980120062828064,
				"bytes":	1247400,
				"bits_per_second":	9999078.10444937,
				"packets":	891,
				"omitted":	false,
				"sender":	true
			}
		}, {
			"streams":	[{
					"socket":	5,
					"start":	3.003076,
					"end":	4.004239,
					"seconds":	1.0011630058288574,
					"bytes":	1250200,
					"bits_per_second":	9989981.59317696,
					"packets":	894,
					"omitted":	false,
					"sender":	true
				}],
			"sum":	{
				"start":	3.003076,
				"end":	4.004239,
				"seconds":	1.0011630058288574,
				"bytes":	1250200,
				"bits_per_second":	9989981.59317696,
				"packets":	894,
				"omitted":	false,
				"sender":	true
			}
		}, {
			"streams":	[{
					"socket":	5,
					"start":	4.004239,
					"end":	5.001073,
					"seconds":	0.99683398008346558,
					"bytes":	1246000,
					"bits_per_second":	9999659.11993226,
					"packets":	890,
					"omitted":	false,
					"sender":	true
				}],
			"sum":	{
				"start":	4.004239,
				"end":	5.001073,
				"seconds":	0.99683398008346558,
				"bytes":	1246000,
				"bits_per_second":	9999659.11993226,
				"packets":	890,
				"omitted":	false,
				"sender":	true
			}
		}, {
			"streams":	[{
					"socket":	5,
					"start":	5.001073,
					"end":	6.00243,
					"seconds":	1.0013569593429565,
					"bytes":	1253000,
					"bits_per_second":	10010416.272112673,
					"packets":	894,
					"omitted":	false,
					"sender":	true
				}],
			"sum":	{
				"start":	5.001073,
				"end":	6.00243,
				"seconds":	1.0013569593429565,
				"bytes":	1253000,
				"bits_per_second":	10010416.272112673,
				"packets":	894,
				"omitted":	false,
				"sender":	true
			}
		}, {
			"streams":	[{
					"socket":	5,
					"start":	6.00243,
					"end":	7.001405,
					"seconds":	0.99897497892379761,
					"bytes":	1248800,
					"bits_per_second":	10000650.877925616,
					"packets":	892,
					"omitted":	false,
					"sender":	true
				}],
			"sum":	{
				"start":	6.00243,
				"end":	7.001405,
				"seconds":	0.99897497892379761,
				"bytes":	1248800,
				"bits_per_second":	10000650.877925616,
				"packets":	892,
				"omitted":	false,
				"sender":	true
			}
		}, {
			"streams":	[{
					"socket":	5,
					"start":	7.001405,
					"end":	8.001713,
					"seconds":	1.0003080368041992,
					"bytes":	1250200,
					"bits_per_second":	9998520.087825425,
					"packets":	893,
					"omitted":	false,
					"sender":	true
				}],
			"sum":	{
				"start":	7.001405,
				"end":	8.001713,
				"seconds":	1.0003080368041992,
				"bytes":	1250200,
				"bits_per_second":	9998520.087825425,
				"packets":	893,
				"omitted":	false,
				"sender":	true
			}
		}, {
			"streams":	[{
					"socket":	5,
					"start":	8.001713,
					"end":	9.004013,
					"seconds":	1.0023000240325928,
					"bytes":	1253000,
					"bits_per_second":	10000997.465479497,
					"packets":	895,
					"omitted":	false,
					"sender":	true
				}],
			"sum":	{
				"start":	8.001713,
				"end":	9.004013,
				"seconds":	1.0023000240325928,
				"bytes":	1253000,
				"bits_per_second":	10000997.465479497,
				"packets":	895,
				"omitted":	false,
				"sender":	true
			}
		}, {
			"streams":	[{
					"socket":	5,
					"start":	9.004013,
					"end":	10.003119,
					"seconds":	0.999105989933014,
					"bytes":	1248800,
					"bits_per_second":	9999339.51018532,
					"packets":	892,
					"omitted":	false,
					"sender":	true
				}],
			"sum":	{
				"start":	9.004013,
				"end":	10.003119,
				"seconds":	0.999105989933014,
				"bytes":	1248800,
				"bits_per_second":	9999339.51018532,
				"packets":	892,
				"omitted":	false,
				"sender":	true
			}
		}],
	"end":	{
		"streams":	[{
				"udp":	{
					"socket":	5,
					"start":	0,
					"end":	10.003119,
					"seconds":	10.003119,
					"bytes":	12504800,
					"bits_per_second":	10000720.775190217,
					"jitter_ms":	1.779968687706436,
					"lost_packets":	0,
					"packets":	8932,
					"lost_percent":	0,
					"out_of_order":	0,
					"sender":	true
				}
			}],
		"sum":	{
			"start":	0,
			"end":	10.072741,
			"seconds":	10.072741,
			"bytes":	12504800,
			"bits_per_second":	10000720.775190217,
			"jitter_ms":	1.779968687706436,
			"lost_packets":	0,
			"packets":	8932,
			"lost_percent":	0,
			"sender":	true
		},
		"sum_sent":	{
			"start":	0,
			"end":	10.003119,
			"seconds":	10.003119,
			"bytes":	12504800,
			"bits_per_second":	10000720.775190217,
			"jitter_ms":	0,
			"lost_packets":	0,
			"packets":	8932,
			"lost_percent":	0,
			"sender":	true
		},
		"sum_received":	{
			"start":	0,
			"end":	10.072741,
			"seconds":	10.072741,
			"bytes":	12336800,
			"bits_per_second":	9798167.15231733,
			"jitter_ms":	1.779968687706436,
			"lost_packets":	0,
			"packets":	8931,
			"lost_percent":	0,
			"sender":	false
		},
		"cpu_utilization_percent":	{
			"host_total":	4.11711352897691,
			"host_user":	0.43799474820306156,
			"host_system":	3.67911878077385,
			"remote_total":	0.634058417213626,
			"remote_user":	0.047454170215104646,
			"remote_system":	0.586613905897405
		}
	}
}
