{
	"start":	{
		"connected":	[{
				"socket":	5,
				"local_host":	"192.168.1.71",
				"local_port":	52016,
				"remote_host":	"3.69.220.213",
				"remote_port":	5201
			}],
		"version":	"iperf 3.20",
		"system_info":	"Darwin MacBook-Pro-de-Juan-2.local 25.4.0 Darwin Kernel Version 25.4.0: Wed Feb 25 21:00:20 PST 2026; root:xnu-12377.100.630.501.3~2/RELEASE_X86_64 x86_64",
		"timestamp":	{
			"time":	"Thu, 05 Mar 2026 19:33:47 UTC",
			"timesecs":	1772739227,
			"timemillisecs":	1772739227780
		},
		"connecting_to":	{
			"host":	"3.69.220.213",
			"port":	5201
		},
		"cookie":	"4pfrd4ctnc5usjpcrclzzfrz6bjx6wh3bb4o",
		"tcp_mss_default":	1398,
		"target_bitrate":	0,
		"fq_rate":	0,
		"sock_bufsize":	0,
		"sndbuf_actual":	131072,
		"rcvbuf_actual":	131072,
		"test_start":	{
			"protocol":	"TCP",
			"num_streams":	1,
			"blksize":	131072,
			"omit":	0,
			"duration":	15,
			"bytes":	0,
			"blocks":	0,
			"reverse":	0,
			"tos":	0,
			"target_bitrate":	0,
			"bidir":	0,
			"fqrate":	0,
			"interval":	1
		}
	},
	"intervals":	[{
			"streams":	[{
					"socket":	5,
					"start":	0,
					"end":	1.004319,
					"seconds":	1.0043189525604248,
					"bytes":	4063232,
					"bits_per_second":	32366068.485643048,
					"omitted":	false,
					"sender":	true
				}],
			"sum":	{
				"start":	0,
				"end":	1.004319,
				"seconds":	1.0043189525604248,
				"bytes":	4063232,
				"bits_per_second":	32366068.485643048,
				"omitted":	false,
				"sender":	true
			}
		}, {
			"streams":	[{
					"socket":	5,
					"start":	1.004319,
					"end":	2.00425,
					"seconds":	0.99993097782135,
					"bytes":	2490368,
					"bits_per_second":	19924319.219920676,
					"omitted":	false,
					"sender":	true
				}],
			"sum":	{
				"start":	1.004319,
				"end":	2.00425,
				"seconds":	0.99993097782135,
				"bytes":	2490368,
				"bits_per_second":	19924319.219920676,
				"omitted":	false,
				"sender":	true
			}
		}, {
			"streams":	[{
					"socket":	5,
					"start":	2.00425,
					"end":	3.004325,
					"seconds":	1.0000749826431274,
					"bytes":	4194304,
					"bits_per_second":	33551916.188642185,
					"omitted":	false,
					"sender":	true
				}],
			"sum":	{
				"start":	2.00425,
				"end":	3.004325,
				"seconds":	1.0000749826431274,
				"bytes":	4194304,
				"bits_per_second":	33551916.188642185,
				"omitted":	false,
				"sender":	true
			}
		}, {
			"streams":	[{
					"socket":	5,
					"start":	3.004325,
					"end":	4.004325,
					"seconds":	1,
					"bytes":	4456448,
					"bits_per_second":	35651584,
					"omitted":	false,
					"sender":	true
				}],
			"sum":	{
				"start":	3.004325,
				"end":	4.004325,
				"seconds":	1,
				"bytes":	4456448,
				"bits_per_second":	35651584,
				"omitted":	false,
				"sender":	true
			}
		}, {
			"streams":	[{
					"socket":	5,
					"start":	4.004325,
					"end":	5.004319,
					"seconds":	0.99999397993087769,
					"bytes":	4325376,
					"bits_per_second":	34603216.313754067,
					"omitted":	false,
					"sender":	true
				}],
			"sum":	{
				"start":	4.004325,
				"end":	5.004319,
				"seconds":	0.99999397993087769,
				"bytes":	4325376,
				"bits_per_second":	34603216.313754067,
				"omitted":	false,
				"sender":	true
			}
		}, {
			"streams":	[{
					"socket":	5,
					"start":	5.004319,
					"end":	6.004291,
					"seconds":	0.99997198581695557,
					"bytes":	4587520,
					"bits_per_second":	36701188.153802887,
					"omitted":	false,
					"sender":	true
				}],
			"sum":	{
				"start":	5.004319,
				"end":	6.004291,
				"seconds":	0.99997198581695557,
				"bytes":	4587520,
				"bits_per_second":	36701188.153802887,
				"omitted":	false,
				"sender":	true
			}
		}, {
			"streams":	[{
					"socket":	5,
					"start":	6.004291,
					"end":	7.004296,
					"seconds":	1.0000050067901611,
					"bytes":	4063232,
					"bits_per_second":	32505693.250814851,
					"omitted":	false,
					"sender":	true
				}],
			"sum":	{
				"start":	6.004291,
				"end":	7.004296,
				"seconds":	1.0000050067901611,
				"bytes":	4063232,
				"bits_per_second":	32505693.250814851,
				"omitted":	false,
				"sender":	true
			}
		}, {
			"streams":	[{
					"socket":	5,
					"start":	7.004296,
					"end":	8.00432,
					"seconds":	1.0000239610672,
					"bytes":	4718592,
					"bits_per_second":	37747831.521672264,
					"omitted":	false,
					"sender":	true
				}],
			"sum":	{
				"start":	7.004296,
				"end":	8.00432,
				"seconds":	1.0000239610672,
				"bytes":	4718592,
				"bits_per_second":	37747831.521672264,
				"omitted":	false,
				"sender":	true
			}
		}, {
			"streams":	[{
					"socket":	5,
					"start":	8.00432,
					"end":	9.00433,
					"seconds":	1.0000100135803223,
					"bytes":	4325376,
					"bits_per_second":	34602661.503469668,
					"omitted":	false,
					"sender":	true
				}],
			"sum":	{
				"start":	8.00432,
				"end":	9.00433,
				"seconds":	1.0000100135803223,
				"bytes":	4325376,
				"bits_per_second":	34602661.503469668,
				"omitted":	false,
				"sender":	true
			}
		}, {
			"streams":	[{
					"socket":	5,
					"start":	9.00433,
					"end":	10.004254,
					"seconds":	0.99992400407791138,
					"bytes":	4325376,
					"bits_per_second":	34605637.887360714,
					"omitted":	false,
					"sender":	true
				}],
			"sum":	{
				"start":	9.00433,
				"end":	10.004254,
				"seconds":	0.99992400407791138,
				"bytes":	4325376,
				"bits_per_second":	34605637.887360714,
				"omitted":	false,
				"sender":	true
			}
		}, {
			"streams":	[{
					"socket":	5,
					"start":	10.004254,
					"end":	11.004317,
					"seconds":	1.0000629425048828,
					"bytes":	4194304,
					"bits_per_second":	33552320.1329262,
					"omitted":	false,
					"sender":	true
				}],
			"sum":	{
				"start":	10.004254,
				"end":	11.004317,
				"seconds":	1.0000629425048828,
				"bytes":	4194304,
				"bits_per_second":	33552320.1329262,
				"omitted":	false,
				"sender":	true
			}
		}, {
			"streams":	[{
					"socket":	5,
					"start":	11.004317,
					"end":	12.004331,
					"seconds":	1.0000139474868774,
					"bytes":	3932160,
					"bits_per_second":	31456841.256119374,
					"omitted":	false,
					"sender":	true
				}],
			"sum":	{
				"start":	11.004317,
				"end":	12.004331,
				"seconds":	1.0000139474868774,
				"bytes":	3932160,
				"bits_per_second":	31456841.256119374,
				"omitted":	false,
				"sender":	true
			}
		}, {
			"streams":	[{
					"socket":	5,
					"start":	12.004331,
					"end":	13.004309,
					"seconds":	0.999978005886078,
					"bytes":	4587520,
					"bits_per_second":	36700967.205253765,
					"omitted":	false,
					"sender":	true
				}],
			"sum":	{
				"start":	12.004331,
				"end":	13.004309,
				"seconds":	0.999978005886078,
				"bytes":	4587520,
				"bits_per_second":	36700967.205253765,
				"omitted":	false,
				"sender":	true
			}
		}, {
			"streams":	[{
					"socket":	5,
					"start":	13.004309,
					"end":	14.004284,
					"seconds":	0.999975025653839,
					"bytes":	3538944,
					"bits_per_second":	28312259.080158863,
					"omitted":	false,
					"sender":	true
				}],
			"sum":	{
				"start":	13.004309,
				"end":	14.004284,
				"seconds":	0.999975025653839,
				"bytes":	3538944,
				"bits_per_second":	28312259.080158863,
				"omitted":	false,
				"sender":	true
			}
		}, {
			"streams":	[{
					"socket":	5,
					"start":	14.004284,
					"end":	15.004454,
					"seconds":	1.0001699924468994,
					"bytes":	1441792,
					"bits_per_second":	11532375.58325604,
					"omitted":	false,
					"sender":	true
				}],
			"sum":	{
				"start":	14.004284,
				"end":	15.004454,
				"seconds":	1.0001699924468994,
				"bytes":	1441792,
				"bits_per_second":	11532375.58325604,
				"omitted":	false,
				"sender":	true
			}
		}],
	"end":	{
		"streams":	[{
				"sender":	{
					"socket":	5,
					"start":	0,
					"end":	15.004454,
					"seconds":	15.004454,
					"bytes":	59244544,
					"bits_per_second":	31587710.689106047,
					"sender":	true
				},
				"receiver":	{
					"socket":	5,
					"start":	0,
					"end":	15.475884,
					"seconds":	15.004454,
					"bytes":	57450810,