{
	"start":	{
		"connected":	[{
				"socket":	5,
				"local_host":	"192.168.1.71",
				"local_port":	56292,
				"remote_host":	"3.69.220.213",
				"remote_port":	5201
			}],
		"version":	"iperf 3.20",
		"system_info":	"Darwin MacBook-Pro-de-Juan-2.local 25.4.0 Darwin Kernel Version 25.4.0: Wed Feb 25 21:00:20 PST 2026; root:xnu-12377.100.630.501.3~2/RELEASE_X86_64 x86_64",
		"timestamp":	{
			"time":	"Thu, 05 Mar 2026 19:35:00 UTC",
			"timesecs":	1772739300,
			"timemillisecs":	1772739300969
		},
		"connecting_to":	{
			"host":	"3.69.220.213",
			"port":	5201
		},
		"cookie":	"mvuj427papdqnlqldb47zzv4vuqpgdslecly",
		"target_bitrate":	5000000,
		"fq_rate":	0,
		"sock_bufsize":	0,
		"sndbuf_actual":	9216,
		"rcvbuf_actual":	786896,
		"test_start":	{
			"protocol":	"UDP",
			"num_streams":	1,
			"blksize":	1400,
			"omit":	0,
			"duration":	10,
			"bytes":	0,
			"blocks":	0,
			"reverse":	0,
			"tos":	0,
			"target_bitrate":	5000000,
			"bidir":	0,
			"fqrate":	0,
			"interval":	1
		}
	},
	"intervals":	[{
			"streams":	[{
					"socket":	5,
					"start":	0,
					"end":	1.003794,
					"seconds":	1.0037939548492432,
					"bytes":	627200,
					"bits_per_second":	4998635.40297329,
					"packets":	449,
					"omitted":	false,
					"sender":	true
				}],
			"sum":	{
				"start":	0,
				"end":	1.003794,
				"seconds":	1.0037939548492432,
				"bytes":	627200,
				"bits_per_second":	4998635.40297329,
				"packets":	449,
				"omitted":	false,
				"sender":	true
			}
		}, {
			"streams":	[{
					"socket":	5,
					"start":	1.003794,
					"end":	2.003109,
					"seconds":	0.99931502342224121,
					"bytes":	624400,
					"bits_per_second":	4998623.9403201435,
					"packets":	446,
					"omitted":	false,
					"sender":	true
				}],
			"sum":	{
				"start":	1.003794,
				"end":	2.003109,
				"seconds":	0.99931502342224121,
				"bytes":	624400,
				"bits_per_second":	4998623.9403201435,
				"packets":	446,
				"omitted":	false,
				"sender":	true
			}
		}, {
			"streams":	[{
					"socket":	5,
					"start":	2.003109,
					"end":	3.002152,
					"seconds":	0.99904298782348633,
					"bytes":	624400,
					"bits_per_second":	4999985.046571956,
					"packets":	446,
					"omitted":	false,
					"sender":	true
				}],
			"sum":	{
				"start":	2.003109,
				"end":	3.002152,
				"seconds":	0.99904298782348633,
				"bytes":	624400,
				"bits_per_second":	4999985.046571956,
				"packets":	446,
				"omitted":	false,
				"sender":	true
			}
		}, {
			"streams":	[{
					"socket":	5,
					"start":	3.002152,
					"end":	4.003384,
					"seconds":	1.0012320280075073,
					"bytes":	625800,
					"bits_per_second":	5000239.5648119058,
					"packets":	447,
					"omitted":	false,
					"sender":	true
				}],
			"sum":	{
				"start":	3.002152,
				"end":	4.003384,
				"seconds":	1.0012320280075073,
				"bytes":	625800,
				"bits_per_second":	5000239.5648119058,
				"packets":	447,
				"omitted":	false,
				"sender":	true
			}
		}, {
			"streams":	[{
					"socket":	5,
					"start":	4.003384,
					"end":	5.004641,
					"seconds":	1.0012569427490234,
					"bytes":	625800,
					"bits_per_second":	5000115.1415285738,
					"packets":	447,
					"omitted":	false,
					"sender":	true
				}],
			"sum":	{
				"start":	4.003384,
				"end":	5.004641,
				"seconds":	1.0012569427490234,
				"bytes":	625800,
				"bits_per_second":	5000115.1415285738,
				"packets":	447,
				"omitted":	false,
				"sender":	true
			}
		}, {
			"streams":	[{
					"socket":	5,
					"start":	5.004641,
					"end":	6.003737,
					"seconds":	0.99909597635269165,
					"bytes":	624400,
					"bits_per_second":	4999719.864987866,
					"packets":	446,
					"omitted":	false,
					"sender":	true
				}],
			"sum":	{
				"start":	5.004641,
				"end":	6.003737,
				"seconds":	0.99909597635269165,
				"bytes":	624400,
				"bits_per_second":	4999719.864987866,
				"packets":	446,
				"omitted":	false,
				"sender":	true
			}
		}, {
			"streams":	[{
					"socket":	5,
					"start":	6.003737,
					"end":	7.002984,
					"seconds":	0.99924701452255249,
					"bytes":	624400,
					"bits_per_second":	4998964.147405277,
					"packets":	446,
					"omitted":	false,
					"sender":	true
				}],
			"sum":	{
				"start":	6.003737,
				"end":	7.002984,
				"seconds":	0.99924701452255249,
				"bytes":	624400,
				"bits_per_second":	4998964.147405277,
				"packets":	446,
				"omitted":	false,
				"sender":	true
			}
		}, {
			"streams":	[{
					"socket":	5,
					"start":	7.002984,
					"end":	8.004091,
					"seconds":	1.0011069774627686,
					"bytes":	624400,
					"bits_per_second":	4989676.540523136,
					"packets":	447,
					"omitted":	false,
					"sender":	true
				}],
			"sum":	{
				"start":	7.002984,
				"end":	8.004091,
				"seconds":	1.0011069774627686,
				"bytes":	624400,
				"bits_per_second":	4989676.540523136,
				"packets":	447,
				"omitted":	false,
				"sender":	true
			}
		}, {
			"streams":	[{
					"socket":	5,
					"start":	8.004091,
					"end":	9.000856,
					"seconds":	0.99676501750946045,
					"bytes":	623000,
					"bits_per_second":	5000175.4801278384,
					"packets":	445,
					"omitted":	false,
					"sender":	true
				}],
			"sum":	{
				"start":	8.004091,
				"end":	9.000856,
				"seconds":	0.99676501750946045,
				"bytes":	623000,
				"bits_per_second":	5000175.4801278384,
				"packets":	445,
				"omitted":	false,
				"sender":	true
			}
		}, {
			"streams":	[{
					"socket":	5,
					"start":	9.000856,
					"end":	10.002416,
					"seconds":	1.0015599727630615,
					"bytes":	627200,
					"bits_per_second":	5009784.8720508032,
					"packets":	447,
					"omitted":	false,
					"sender":	true
				}],
			"sum":	{
				"start":	9.000856,
				"end":	10.002416,
				"seconds":	1.0015599727630615,
				"bytes":	627200,
				"bits_per_second":	5009784.8720508032,
				"packets":	447,
				"omitted":	false,
				"sender":	true
			}
		}],
	"end":	{
		"streams":	[{
				"udp":	{
					"socket":	5,
					"start":	0,
					"end":	10.002416,
					"seconds":	10.002416,
					"bytes":	6252400,
					"bits_per_second":	5000711.82802235,
					"jitter_ms":	2.8666729045581381,
					"lost_packets":	0,
					"packets":	4466,
					"lost_percent":	0,
					"out_of_order":	0,
					"sender":	true
				}
			}],
		"sum":	{
			"start":	0,
			"end":	10.0758,
			"seconds":	10.0758,
			"bytes":	6252400,
			"bits_per_second":	5000711.82802235,
			"jitter_ms":	2.8666729045581381,
			"lost_packets":	0,
			"packets":	4466,
			"lost_percent":	0,
			"sender":	true
		},
		"sum_sent":	{
			"start":	0,
			"end":	10.002416,
			"seconds":	10.002416,
			"bytes":	6252400,
			"bits_per_second":	5000711.82802235,
			"jitter_ms":	0,
			"lost_packets":	0,
			"packets":	4466,
			"lost_percent":	0,
			"sender":	true
		},
		"sum_received":	{
			"start":	0,
			"end":	10.0758,
			"seconds":	10.0758,
			"bytes":	6248200,
			"bits_per_second":	4960955.95386967,
			"jitter_ms":	2.8666729045581381,
			"lost_packets":	0,
			"packets":	4463,
			"lost_percent":	0,
			"sender":	false
		},
		"cpu_utilization_percent":	{
			"host_total":	3.9948281796908236,
			"host_user":	0.45819792503110357,
			"host_system":	3.5366400364351569,
			"remote_total":	0.33980147740112882,
			"remote_user":	0.14513658483609831,
			"remote_system":	0.19467792976106338
		}
	}
}
