{
	"start":	{
		"connected":	[{
				"socket":	5,
				"local_host":	"192.168.1.71",
				"local_port":	58109,
				"remote_host":	"3.69.220.213",
				"remote_port":	5201
			}],
		"version":	"iperf 3.20",
		"system_info":	"Darwin MacBook-Pro-de-Juan-2.local 25.4.0 Darwin Kernel Version 25.4.0: Wed Feb 25 21:00:20 PST 2026; root:xnu-12377.100.630.501.3~2/RELEASE_X86_64 x86_64",
		"timestamp":	{
			"time":	"Thu, 05 Mar 2026 19:25:30 UTC",
			"timesecs":	1772738730,
			"timemillisecs":	1772738730499
		},
		"connecting_to":	{
			"host":	"3.69.220.213",
			"port":	5201
		},
		"cookie":	"wbktnqnmuef2cvdfsqegdhw3n4322b2n3tqe",
		"target_bitrate":	5000000,
		"fq_rate":	0,
		"sock_bufsize":	0,
		"sndbuf_actual":	9216,
		"rcvbuf_actual":	786896,
		"test_start":	{
			"protocol":	"UDP",
			"num_streams":	1,
			"blksize":	1400,
			"omit":	0,
			"duration":	10,
			"bytes":	0,
			"blocks":	0,
			"reverse":	0,
			"tos":	0,
			"target_bitrate":	5000000,
			"bidir":	0,
			"fqrate":	0,
			"interval":	1
		}
	},
	"intervals":	[{
			"streams":	[{
					"socket":	5,
					"start":	0,
					"end":	1.004908,
					"seconds":	1.0049079656600952,
					"bytes":	628600,
					"bits_per_second":	5004239.36504148,
					"packets":	449,
					"omitted":	false,
					"sender":	true
				}],
			"sum":	{
				"start":	0,
				"end":	1.004908,
				"seconds":	1.0049079656600952,
				"bytes":	628600,
				"bits_per_second":	5004239.36504148,
				"packets":	449,
				"omitted":	false,
				"sender":	true
			}
		}, {
			"streams":	[{
					"socket":	5,
					"start":	1.004908,
					"end":	2.004953,
					"seconds":	1.0000449419021606,
					"bytes":	624400,
					"bits_per_second":	4994975.51629905,
					"packets":	447,
					"omitted":	false,
					"sender":	true
				}],
			"sum":	{
				"start":	1.004908,
				"end":	2.004953,
				"seconds":	1.0000449419021606,
				"bytes":	624400,
				"bits_per_second":	4994975.51629905,
				"packets":	447,
				"omitted":	false,
				"sender":	true
			}
		}, {
			"streams":	[{
					"socket":	5,
					"start":	2.004953,
					"end":	3.004935,
					"seconds":	0.99998199939727783,
					"bytes":	625800,
					"bits_per_second":	5006490.11983968,
					"packets":	446,
					"omitted":	false,
					"sender":	true
				}],
			"sum":	{
				"start":	2.004953,
				"end":	3.004935,
				"seconds":	0.99998199939727783,
				"bytes":	625800,
				"bits_per_second":	5006490.11983968,
				"packets":	446,
				"omitted":	false,
				"sender":	true
			}
		}, {
			"streams":	[{
					"socket":	5,
					"start":	3.004935,
					"end":	4.00494,
					"seconds":	1.0000050067901611,
					"bytes":	624400,
					"bits_per_second":	4995174.9902070062,
					"packets":	446,
					"omitted":	false,
					"sender":	true
				}],
			"sum":	{
				"start":	3.004935,
				"end":	4.00494,
				"seconds":	1.0000050067901611,
				"bytes":	624400,
				"bits_per_second":	4995174.9902070062,
				"packets":	446,
				"omitted":	false,
				"sender":	true
			}
		}, {
			"streams":	[{
					"socket":	5,
					"start":	4.00494,
					"end":	5.004947,
					"seconds":	1.0000070333480835,
					"bytes":	625800,
					"bits_per_second":	5006364.78849381,
					"packets":	447,
					"omitted":	false,
					"sender":	true
				}],
			"sum":	{
				"start":	4.00494,
				"end":	5.004947,
				"seconds":	1.0000070333480835,
				"bytes":	625800,
				"bits_per_second":	5006364.78849381,
				"packets":	447,
				"omitted":	false,
				"sender":	true
			}
		}, {
			"streams":	[{
					"socket":	5,
					"start":	5.004947,
					"end":	6.004947,
					"seconds":	1,
					"bytes":	624400,
					"bits_per_second":	4995200,
					"packets":	446,
					"omitted":	false,
					"sender":	true
				}],
			"sum":	{
				"start":	5.004947,
				"end":	6.004947,
				"seconds":	1,
				"bytes":	624400,
				"bits_per_second":	4995200,
				"packets":	446,
				"omitted":	false,
				"sender":	true
			}
		}, {
			"streams":	[{
					"socket":	5,
					"start":	6.004947,
					"end":	7.004956,
					"seconds":	1.0000089406967163,
					"bytes":	625800,
					"bits_per_second":	5006355.2396961479,
					"packets":	447,
					"omitted":	false,
					"sender":	true
				}],
			"sum":	{
				"start":	6.004947,
				"end":	7.004956,
				"seconds":	1.0000089406967163,
				"bytes":	625800,
				"bits_per_second":	5006355.2396961479,
				"packets":	447,
				"omitted":	false,
				"sender":	true
			}
		}, {
			"streams":	[{
					"socket":	5,
					"start":	7.004956,
					"end":	8.004965,
					"seconds":	1.0000089406967163,
					"bytes":	624400,
					"bits_per_second":	4995155.3398310561,
					"packets":	446,
					"omitted":	false,
					"sender":	true
				}],
			"sum":	{
				"start":	7.004956,
				"end":	8.004965,
				"seconds":	1.0000089406967163,
				"bytes":	624400,
				"bits_per_second":	4995155.3398310561,
				"packets":	446,
				"omitted":	false,
				"sender":	true
			}
		}, {
			"streams":	[{
					"socket":	5,
					"start":	8.004965,
					"end":	9.00497,
					"seconds":	1.0000050067901611,
					"bytes":	624400,
					"bits_per_second":	4995174.9902070062,
					"packets":	446,
					"omitted":	false,
					"sender":	true
				}],
			"sum":	{
				"start":	8.004965,
				"end":	9.00497,
				"seconds":	1.0000050067901611,
				"bytes":	624400,
				"bits_per_second":	4995174.9902070062,
				"packets":	446,
				"omitted":	false,
				"sender":	true
			}
		}, {
			"streams":	[{
					"socket":	5,
					"start":	9.00497,
					"end":	10.005082,
					"seconds":	1.0001120567321777,
					"bytes":	625800,
					"bits_per_second":	5005839.0620329,
					"packets":	447,
					"omitted":	false,
					"sender":	true
				}],
			"sum":	{
				"start":	9.00497,
				"end":	10.005082,
				"seconds":	1.0001120567321777,
				"bytes":	625800,
				"bits_per_second":	5005839.0620329,
				"packets":	447,
				"omitted":	false,
				"sender":	true
			}
		}],
	"end":	{
		"streams":	[{
				"udp":	{
					"socket":	5,
					"start":	0,
					"end":	10.005082,
					"seconds":	10.005082,
					"bytes":	6253800,
					"bits_per_second":	5000498.74653701,
					"jitter_ms":	3.9091648048486456,
					"lost_packets":	0,
					"packets":	4467,
					"lost_percent":	0,
					"out_of_order":	0,
					"sender":	true
				}
			}],
		"sum":	{
			"start":	0,
			"end":	10.09383,
			"seconds":	10.09383,
			"bytes":	6253800,
			"bits_per_second":	5000498.74653701,
			"jitter_ms":	3.9091648048486456,
			"lost_packets":	0,
			"packets":	4467,
			"lost_percent":	0,
			"sender":	true
		},
		"sum_sent":	{
			"start":	0,
			"end":	10.005082,
			"seconds":	10.005082,
			"bytes":	6253800,
			"bits_per_second":	5000498.74653701,
			"jitter_ms":	0,
			"lost_packets":	0,
			"packets":	4467,
			"lost_percent":	0,
			"sender":	true
		},
		"sum_received":	{
			"start":	0,
			"end":	10.09383,
			"seconds":	10.09383,
			"bytes":	6218800,
			"bits_per_second":	4928793.1340234578,
			"jitter_ms":	3.9091648048486456,
			"lost_packets":	0,
			"packets":	4467,
			"lost_percent":	0,
			"sender":	false
		},
		"cpu_utilization_percent":	{
			"host_total":	2.4300942196566209,
			"host_user":	0.25711977242264517,
			"host_system":	2.17299397037539,
			"remote_total":	0.26137228885495684,
			"remote_user":	0.14474790045315733,
			"remote_system":	0.11662438840179948
		}
	}
}
