{
	"start":	{
		"connected":	[{
				"socket":	5,
				"local_host":	"192.168.1.71",
				"local_port":	52029,
				"remote_host":	"3.69.220.213",
				"remote_port":	5201
			}],
		"version":	"iperf 3.20",
		"system_info":	"Darwin MacBook-Pro-de-Juan-2.local 25.4.0 Darwin Kernel Version 25.4.0: Wed Feb 25 21:00:20 PST 2026; root:xnu-12377.100.630.501.3~2/RELEASE_X86_64 x86_64",
		"timestamp":	{
			"time":	"Thu, 05 Mar 2026 19:34:20 UTC",
			"timesecs":	1772739260,
			"timemillisecs":	1772739260682
		},
		"connecting_to":	{
			"host":	"3.69.220.213",
			"port":	5201
		},
		"cookie":	"erzwwd6yl73p7rcznwg53jhsp4bzbhcesge3",
		"tcp_mss_default":	1398,
		"target_bitrate":	0,
		"fq_rate":	0,
		"sock_bufsize":	0,
		"sndbuf_actual":	131072,
		"rcvbuf_actual":	131072,
		"test_start":	{
			"protocol":	"TCP",
			"num_streams":	1,
			"blksize":	131072,
			"omit":	0,
			"duration":	15,
			"bytes":	0,
			"blocks":	0,
			"reverse":	1,
			"tos":	0,
			"target_bitrate":	0,
			"bidir":	0,
			"fqrate":	0,
			"interval":	1
		}
	},
	"intervals":	[{
			"streams":	[{
					"socket":	5,
					"start":	0,
					"end":	1.004634,
					"seconds":	1.0046340227127075,
					"bytes":	131072,
					"bits_per_second":	1043739.2884312643,
					"omitted":	false,
					"sender":	false
				}],
			"sum":	{
				"start":	0,
				"end":	1.004634,
				"seconds":	1.0046340227127075,
				"bytes":	131072,
				"bits_per_second":	1043739.2884312643,
				"omitted":	false,
				"sender":	false
			}
		}, {
			"streams":	[{
					"socket":	5,
					"start":	1.004634,
					"end":	2.003568,
					"seconds":	0.998933970928192,
					"bytes":	0,
					"bits_per_second":	0,
					"omitted":	false,
					"sender":	false
				}],
			"sum":	{
				"start":	1.004634,
				"end":	2.003568,
				"seconds":	0.998933970928192,
				"bytes":	0,
				"bits_per_second":	0,
				"omitted":	false,
				"sender":	false
			}
		}, {
			"streams":	[{
					"socket":	5,
					"start":	2.003568,
					"end":	3.000617,
					"seconds":	0.99704897403717041,
					"bytes":	131072,
					"bits_per_second":	1051679.5336082545,
					"omitted":	false,
					"sender":	false
				}],
			"sum":	{
				"start":	2.003568,
				"end":	3.000617,
				"seconds":	0.99704897403717041,
				"bytes":	131072,
				"bits_per_second":	1051679.5336082545,
				"omitted":	false,
				"sender":	false
			}
		}, {
			"streams":	[{
					"socket":	5,
					"start":	3.000617,
					"end":	4.003988,
					"seconds":	1.003371000289917,
					"bytes":	0,
					"bits_per_second":	0,
					"omitted":	false,
					"sender":	false
				}],
			"sum":	{
				"start":	3.000617,
				"end":	4.003988,
				"seconds":	1.003371000289917,
				"bytes":	0,
				"bits_per_second":	0,
				"omitted":	false,
				"sender":	false
			}
		}, {
			"streams":	[{
					"socket":	5,
					"start":	4.003988,
					"end":	5.000102,
					"seconds":	0.99611401557922363,
					"bytes":	524288,
					"bits_per_second":	4210666.58474942,
					"omitted":	false,
					"sender":	false
				}],
			"sum":	{
				"start":	4.003988,
				"end":	5.000102,
				"seconds":	0.99611401557922363,
				"bytes":	524288,
				"bits_per_second":	4210666.58474942,
				"omitted":	false,
				"sender":	false
			}
		}, {
			"streams":	[{
					"socket":	5,
					"start":	5.000102,
					"end":	6.002314,
					"seconds":	1.0022120475769043,
					"bytes":	524288,
					"bits_per_second":	4185046.4780789334,
					"omitted":	false,
					"sender":	false
				}],
			"sum":	{
				"start":	5.000102,
				"end":	6.002314,
				"seconds":	1.0022120475769043,
				"bytes":	524288,
				"bits_per_second":	4185046.4780789334,
				"omitted":	false,
				"sender":	false
			}
		}, {
			"streams":	[{
					"socket":	5,
					"start":	6.002314,
					"end":	7.00117,
					"seconds":	0.998856008052826,
					"bytes":	0,
					"bits_per_second":	0,
					"omitted":	false,
					"sender":	false
				}],
			"sum":	{
				"start":	6.002314,
				"end":	7.00117,
				"seconds":	0.998856008052826,
				"bytes":	0,
				"bits_per_second":	0,
				"omitted":	false,
				"sender":	false
			}
		}, {
			"streams":	[{
					"socket":	5,
					"start":	7.00117,
					"end":	8.000103,
					"seconds":	0.99893301725387573,
					"bytes":	0,
					"bits_per_second":	0,
					"omitted":	false,
					"sender":	false
				}],
			"sum":	{
				"start":	7.00117,
				"end":	8.000103,
				"seconds":	0.99893301725387573,
				"bytes":	0,
				"bits_per_second":	0,
				"omitted":	false,
				"sender":	false
			}
		}, {
			"streams":	[{
					"socket":	5,
					"start":	8.000103,
					"end":	9.004136,
					"seconds":	1.0040329694747925,
					"bytes":	131072,
					"bits_per_second":	1044364.1114180821,
					"omitted":	false,
					"sender":	false
				}],
			"sum":	{
				"start":	8.000103,
				"end":	9.004136,
				"seconds":	1.0040329694747925,
				"bytes":	131072,
				"bits_per_second":	1044364.1114180821,
				"omitted":	false,
				"sender":	false
			}
		}, {
			"streams":	[{
					"socket":	5,
					"start":	9.004136,
					"end":	10.000164,
					"seconds":	0.99602800607681274,
					"bytes":	524288,
					"bits_per_second":	4211030.1863103826,
					"omitted":	false,
					"sender":	false
				}],
			"sum":	{
				"start":	9.004136,
				"end":	10.000164,
				"seconds":	0.99602800607681274,
				"bytes":	524288,
				"bits_per_second":	4211030.1863103826,
				"omitted":	false,
				"sender":	false
			}
		}, {
			"streams":	[{
					"socket":	5,
					"start":	10.000164,
					"end":	11.000766,
					"seconds":	1.0006020069122314,
					"bytes":	655360,
					"bits_per_second":	5239725.64894114,
					"omitted":	false,
					"sender":	false
				}],
			"sum":	{
				"start":	10.000164,
				"end":	11.000766,
				"seconds":	1.0006020069122314,
				"bytes":	655360,
				"bits_per_second":	5239725.64894114,
				"omitted":	false,
				"sender":	false
			}
		}, {
			"streams":	[{
					"socket":	5,
					"start":	11.000766,
					"end":	12.001914,
					"seconds":	1.001147985458374,
					"bytes":	1179648,
					"bits_per_second":	9426362.67272635,
					"omitted":	false,
					"sender":	false
				}],
			"sum":	{
				"start":	11.000766,
				"end":	12.001914,
				"seconds":	1.001147985458374,
				"bytes":	1179648,
				"bits_per_second":	9426362.67272635,
				"omitted":	false,
				"sender":	false
			}
		}, {
			"streams":	[{
					"socket":	5,
					"start":	12.001914,
					"end":	13.004142,
					"seconds":	1.0022280216217041,
					"bytes":	1179648,
					"bits_per_second":	9416204.4927956648,
					"omitted":	false,
					"sender":	false
				}],
			"sum":	{
				"start":	12.001914,
				"end":	13.004142,
				"seconds":	1.0022280216217041,
				"bytes":	1179648,
				"bits_per_second":	9416204.4927956648,
				"omitted":	false,
				"sender":	false
			}
		}, {
			"streams":	[{
					"socket":	5,
					"start":	13.004142,
					"end":	14.004459,
					"seconds":	1.0003169775009155,
					"bytes":	786432,
					"bits_per_second":	6289462.3819320733,
					"omitted":	false,
					"sender":	false
				}],
			"sum":	{
				"start":	13.004142,
				"end":	14.004459,
				"seconds":	1.0003169775009155,
				"bytes":	786432,
				"bits_per_second":	6289462.3819320733,
				"omitted":	false,
				"sender":	false
			}
		}, {
			"streams":	[{
					"socket":	5,
					"start":	14.004459,
					"end":	15.000899,
					"seconds":	0.99643999338150024,
					"bytes":	1048576,
					"bits_per_second":	8418578.1940893158,
					"omitted":	false,
					"sender":	false
				}],
			"sum":	{
				"start":	14.004459,
				"end":	15.000899,
				"seconds":	0.99643999338150024,
				"bytes":	1048576,
				"bits_per_second":	8418578.1940893158,
				"omitted":	false,
				"sender":	false
			}
		}],
	"end":	{
		"streams":	[{
				"sender":	{
					"socket":	5,
					"start":	0,
					"end":	15.063135,
					"seconds":	15.063135,
					"bytes":	7532424,
					"bits_per_second":	4000454.8853874044,
					"retransmits":	67,
					"reorder":	0,
					"max_snd_cwnd":	0,
					"max_snd_wnd":	0,
					"max_rtt":	0,
					"min_rtt":	0,
					"mean_rtt":	0,
					"sender":	false
				},
				"receiver":	{
					"socket":	5,
					"start":	0,
					"end":	15.000899,
					"seconds":	15.000899,