{
	"start":	{
		"connected":	[{
				"socket":	5,
				"local_host":	"192.168.1.71",
				"local_port":	51935,
				"remote_host":	"3.69.220.213",
				"remote_port":	5201
			}],
		"version":	"iperf 3.20",
		"system_info":	"Darwin MacBook-Pro-de-Juan-2.local 25.4.0 Darwin Kernel Version 25.4.0: Wed Feb 25 21:00:20 PST 2026; root:xnu-12377.100.630.501.3~2/RELEASE_X86_64 x86_64",
		"timestamp":	{
			"time":	"Thu, 05 Mar 2026 19:29:32 UTC",
			"timesecs":	1772738972,
			"timemillisecs":	1772738972494
		},
		"connecting_to":	{
			"host":	"3.69.220.213",
			"port":	5201
		},
		"cookie":	"j4gcmnal2sz7comdajtyeifnntcpovlx7wiz",
		"tcp_mss_default":	1398,
		"target_bitrate":	0,
		"fq_rate":	0,
		"sock_bufsize":	0,
		"sndbuf_actual":	131072,
		"rcvbuf_actual":	131072,
		"test_start":	{
			"protocol":	"TCP",
			"num_streams":	1,
			"blksize":	131072,
			"omit":	0,
			"duration":	15,
			"bytes":	0,
			"blocks":	0,
			"reverse":	1,
			"tos":	0,
			"target_bitrate":	0,
			"bidir":	0,
			"fqrate":	0,
			"interval":	1
		}
	},
	"intervals":	[{
			"streams":	[{
					"socket":	5,
					"start":	0,
					"end":	1.005081,
					"seconds":	1.0050810575485229,
					"bytes":	786432,
					"bits_per_second":	6259650.3563059773,
					"omitted":	false,
					"sender":	false
				}],
			"sum":	{
				"start":	0,
				"end":	1.005081,
				"seconds":	1.0050810575485229,
				"bytes":	786432,
				"bits_per_second":	6259650.3563059773,
				"omitted":	false,
				"sender":	false
			}
		}, {
			"streams":	[{
					"socket":	5,
					"start":	1.005081,
					"end":	2.005052,
					"seconds":	0.99997097253799438,
					"bytes":	393216,
					"bits_per_second":	3145819.315150647,
					"omitted":	false,
					"sender":	false
				}],
			"sum":	{
				"start":	1.005081,
				"end":	2.005052,
				"seconds":	0.99997097253799438,
				"bytes":	393216,
				"bits_per_second":	3145819.315150647,
				"omitted":	false,
				"sender":	false
			}
		}, {
			"streams":	[{
					"socket":	5,
					"start":	2.005052,
					"end":	3.00511,
					"seconds":	1.0000580549240112,
					"bytes":	1835008,
					"bits_per_second":	14679211.799474437,
					"omitted":	false,
					"sender":	false
				}],
			"sum":	{
				"start":	2.005052,
				"end":	3.00511,
				"seconds":	1.0000580549240112,
				"bytes":	1835008,
				"bits_per_second":	14679211.799474437,
				"omitted":	false,
				"sender":	false
			}
		}, {
			"streams":	[{
					"socket":	5,
					"start":	3.00511,
					"end":	4.003856,
					"seconds":	0.99874597787857056,
					"bytes":	1441792,
					"bits_per_second":	11548818.473842572,
					"omitted":	false,
					"sender":	false
				}],
			"sum":	{
				"start":	3.00511,
				"end":	4.003856,
				"seconds":	0.99874597787857056,
				"bytes":	1441792,
				"bits_per_second":	11548818.473842572,
				"omitted":	false,
				"sender":	false
			}
		}, {
			"streams":	[{
					"socket":	5,
					"start":	4.003856,
					"end":	5.004132,
					"seconds":	1.00027596950531,
					"bytes":	0,
					"bits_per_second":	0,
					"omitted":	false,
					"sender":	false
				}],
			"sum":	{
				"start":	4.003856,
				"end":	5.004132,
				"seconds":	1.00027596950531,
				"bytes":	0,
				"bits_per_second":	0,
				"omitted":	false,
				"sender":	false
			}
		}, {
			"streams":	[{
					"socket":	5,
					"start":	5.004132,
					"end":	6.000162,
					"seconds":	0.99602997303009033,
					"bytes":	0,
					"bits_per_second":	0,
					"omitted":	false,
					"sender":	false
				}],
			"sum":	{
				"start":	5.004132,
				"end":	6.000162,
				"seconds":	0.99602997303009033,
				"bytes":	0,
				"bits_per_second":	0,
				"omitted":	false,
				"sender":	false
			}
		}, {
			"streams":	[{
					"socket":	5,
					"start":	6.000162,
					"end":	7.003678,
					"seconds":	1.0035159587860107,
					"bytes":	655360,
					"bits_per_second":	5224510.8352262778,
					"omitted":	false,
					"sender":	false
				}],
			"sum":	{
				"start":	6.000162,
				"end":	7.003678,
				"seconds":	1.0035159587860107,
				"bytes":	655360,
				"bits_per_second":	5224510.8352262778,
				"omitted":	false,
				"sender":	false
			}
		}, {
			"streams":	[{
					"socket":	5,
					"start":	7.003678,
					"end":	8.000192,
					"seconds":	0.99651402235031128,
					"bytes":	393216,
					"bits_per_second":	3156732.298237707,
					"omitted":	false,
					"sender":	false
				}],
			"sum":	{
				"start":	7.003678,
				"end":	8.000192,
				"seconds":	0.99651402235031128,
				"bytes":	393216,
				"bits_per_second":	3156732.298237707,
				"omitted":	false,
				"sender":	false
			}
		}, {
			"streams":	[{
					"socket":	5,
					"start":	8.000192,
					"end":	9.000506,
					"seconds":	1.0003139972686768,
					"bytes":	2228224,
					"bits_per_second":	17820196.50696953,
					"omitted":	false,
					"sender":	false
				}],
			"sum":	{
				"start":	8.000192,
				"end":	9.000506,
				"seconds":	1.0003139972686768,
				"bytes":	2228224,
				"bits_per_second":	17820196.50696953,
				"omitted":	false,
				"sender":	false
			}
		}, {
			"streams":	[{
					"socket":	5,
					"start":	9.000506,
					"end":	10.004544,
					"seconds":	1.0040379762649536,
					"bytes":	2097152,
					"bits_per_second":	16709742.456566894,
					"omitted":	false,
					"sender":	false
				}],
			"sum":	{
				"start":	9.000506,
				"end":	10.004544,
				"seconds":	1.0040379762649536,
				"bytes":	2097152,
				"bits_per_second":	16709742.456566894,
				"omitted":	false,
				"sender":	false
			}
		}, {
			"streams":	[{
					"socket":	5,
					"start":	10.004544,
					"end":	11.000146,
					"seconds":	0.995602011680603,
					"bytes":	2228224,
					"bits_per_second":	17904535.939928025,
					"omitted":	false,
					"sender":	false
				}],
			"sum":	{
				"start":	10.004544,
				"end":	11.000146,
				"seconds":	0.995602011680603,
				"bytes":	2228224,
				"bits_per_second":	17904535.939928025,
				"omitted":	false,
				"sender":	false
			}
		}, {
			"streams":	[{
					"socket":	5,
					"start":	11.000146,
					"end":	12.001473,
					"seconds":	1.0013270378112793,
					"bytes":	1441792,
					"bits_per_second":	11519049.785384785,
					"omitted":	false,
					"sender":	false
				}],
			"sum":	{
				"start":	11.000146,
				"end":	12.001473,
				"seconds":	1.0013270378112793,
				"bytes":	1441792,
				"bits_per_second":	11519049.785384785,
				"omitted":	false,
				"sender":	false
			}
		}, {
			"streams":	[{
					"socket":	5,
					"start":	12.001473,
					"end":	13.002563,
					"seconds":	1.0010900497436523,
					"bytes":	1048576,
					"bits_per_second":	8379473.95656171,
					"omitted":	false,
					"sender":	false
				}],
			"sum":	{
				"start":	12.001473,
				"end":	13.002563,
				"seconds":	1.0010900497436523,
				"bytes":	1048576,
				"bits_per_second":	8379473.95656171,
				"omitted":	false,
				"sender":	false
			}
		}, {
			"streams":	[{
					"socket":	5,
					"start":	13.002563,
					"end":	14.003146,
					"seconds":	1.0005830526351929,
					"bytes":	1835008,
					"bits_per_second":	14671509.737585243,
					"omitted":	false,
					"sender":	false
				}],
			"sum":	{
				"start":	13.002563,
				"end":	14.003146,
				"seconds":	1.0005830526351929,
				"bytes":	1835008,
				"bits_per_second":	14671509.737585243,
				"omitted":	false,
				"sender":	false
			}
		}, {
			"streams":	[{
					"socket":	5,
					"start":	14.003146,
					"end":	15.000113,
					"seconds":	0.99696701765060425,
					"bytes":	2097152,
					"bits_per_second":	16828255.802821074,
					"omitted":	false,
					"sender":	false
				}],
			"sum":	{
				"start":	14.003146,
				"end":	15.000113,
				"seconds":	0.99696701765060425,
				"bytes":	2097152,
				"bits_per_second":	16828255.802821074,
				"omitted":	false,
				"sender":	false
			}
		}],
	"end":	{
		"streams":	[{
				"sender":	{
					"socket":	5,
					"start":	0,
					"end":	15.099986,
					"seconds":	15.099986,
					"bytes":	20394024,
					"bits_per_second":	10804790.944839288,
					"retransmits":	56,
					"reorder":	0,
					"max_snd_cwnd":	0,
					"max_snd_wnd":	0,
					"max_rtt":	0,
					"min_rtt":	0,
					"mean_rtt":	0,
					"sender":	false
				},