{
	"start":	{
		"connected":	[{
				"socket":	5,
				"local_host":	"192.168.1.71",
				"local_port":	51813,
				"remote_host":	"3.69.220.213",
				"remote_port":	5201
			}],
		"version":	"iperf 3.20",
		"system_info":	"Darwin MacBook-Pro-de-Juan-2.local 25.4.0 Darwin Kernel Version 25.4.0: Wed Feb 25 21:00:20 PST 2026; root:xnu-12377.100.630.501.3~2/RELEASE_X86_64 x86_64",
		"timestamp":	{
			"time":	"Thu, 05 Mar 2026 19:25:07 UTC",
			"timesecs":	1772738707,
			"timemillisecs":	1772738707356
		},
		"connecting_to":	{
			"host":	"3.69.220.213",
			"port":	5201
		},
		"cookie":	"oq2v5u436oasmqicsxfk7ho63qy2i7hax7ji",
		"tcp_mss_default":	1398,
		"target_bitrate":	0,
		"fq_rate":	0,
		"sock_bufsize":	0,
		"sndbuf_actual":	131072,
		"rcvbuf_actual":	131072,
		"test_start":	{
			"protocol":	"TCP",
			"num_streams":	1,
			"blksize":	131072,
			"omit":	0,
			"duration":	15,
			"bytes":	0,
			"blocks":	0,
			"reverse":	1,
			"tos":	0,
			"target_bitrate":	0,
			"bidir":	0,
			"fqrate":	0,
			"interval":	1
		}
	},
	"intervals":	[{
			"streams":	[{
					"socket":	5,
					"start":	0,
					"end":	1.0049,
					"seconds":	1.0048999786376953,
					"bytes":	524288,
					"bits_per_second":	4173852.2133178455,
					"omitted":	false,
					"sender":	false
				}],
			"sum":	{
				"start":	0,
				"end":	1.0049,
				"seconds":	1.0048999786376953,
				"bytes":	524288,
				"bits_per_second":	4173852.2133178455,
				"omitted":	false,
				"sender":	false
			}
		}, {
			"streams":	[{
					"socket":	5,
					"start":	1.0049,
					"end":	2.000114,
					"seconds":	0.99521398544311523,
					"bytes":	1048576,
					"bits_per_second":	8428949.07296244,
					"omitted":	false,
					"sender":	false
				}],
			"sum":	{
				"start":	1.0049,
				"end":	2.000114,
				"seconds":	0.99521398544311523,
				"bytes":	1048576,
				"bits_per_second":	8428949.07296244,
				"omitted":	false,
				"sender":	false
			}
		}, {
			"streams":	[{
					"socket":	5,
					"start":	2.000114,
					"end":	3.001803,
					"seconds":	1.0016889572143555,
					"bytes":	1441792,
					"bits_per_second":	11514887.847098149,
					"omitted":	false,
					"sender":	false
				}],
			"sum":	{
				"start":	2.000114,
				"end":	3.001803,
				"seconds":	1.0016889572143555,
				"bytes":	1441792,
				"bits_per_second":	11514887.847098149,
				"omitted":	false,
				"sender":	false
			}
		}, {
			"streams":	[{
					"socket":	5,
					"start":	3.001803,
					"end":	4.003107,
					"seconds":	1.001304030418396,
					"bytes":	1179648,
					"bits_per_second":	9424893.65198766,
					"omitted":	false,
					"sender":	false
				}],
			"sum":	{
				"start":	3.001803,
				"end":	4.003107,
				"seconds":	1.001304030418396,
				"bytes":	1179648,
				"bits_per_second":	9424893.65198766,
				"omitted":	false,
				"sender":	false
			}
		}, {
			"streams":	[{
					"socket":	5,
					"start":	4.003107,
					"end":	5.002753,
					"seconds":	0.999646008014679,
					"bytes":	655360,
					"bits_per_second":	5244736.59471965,
					"omitted":	false,
					"sender":	false
				}],
			"sum":	{
				"start":	4.003107,
				"end":	5.002753,
				"seconds":	0.999646008014679,
				"bytes":	655360,
				"bits_per_second":	5244736.59471965,
				"omitted":	false,
				"sender":	false
			}
		}, {
			"streams":	[{
					"socket":	5,
					"start":	5.002753,
					"end":	6.002525,
					"seconds":	0.999772012233734,
					"bytes":	1310720,
					"bits_per_second":	10488151.170157542,
					"omitted":	false,
					"sender":	false
				}],
			"sum":	{
				"start":	5.002753,
				"end":	6.002525,
				"seconds":	0.999772012233734,
				"bytes":	1310720,
				"bits_per_second":	10488151.170157542,
				"omitted":	false,
				"sender":	false
			}
		}, {
			"streams":	[{
					"socket":	5,
					"start":	6.002525,
					"end":	7.002808,
					"seconds":	1.0002830028533936,
					"bytes":	1048576,
					"bits_per_second":	8386234.6716586929,
					"omitted":	false,
					"sender":	false
				}],
			"sum":	{
				"start":	6.002525,
				"end":	7.002808,
				"seconds":	1.0002830028533936,
				"bytes":	1048576,
				"bits_per_second":	8386234.6716586929,
				"omitted":	false,
				"sender":	false
			}
		}, {
			"streams":	[{
					"socket":	5,
					"start":	7.002808,
					"end":	8.000155,
					"seconds":	0.99734699726104736,
					"bytes":	524288,
					"bits_per_second":	4205461.0998163717,
					"omitted":	false,
					"sender":	false
				}],
			"sum":	{
				"start":	7.002808,
				"end":	8.000155,
				"seconds":	0.99734699726104736,
				"bytes":	524288,
				"bits_per_second":	4205461.0998163717,
				"omitted":	false,
				"sender":	false
			}
		}, {
			"streams":	[{
					"socket":	5,
					"start":	8.000155,
					"end":	9.002659,
					"seconds":	1.0025039911270142,
					"bytes":	786432,
					"bits_per_second":	6275741.5987213682,
					"omitted":	false,
					"sender":	false
				}],
			"sum":	{
				"start":	8.000155,
				"end":	9.002659,
				"seconds":	1.0025039911270142,
				"bytes":	786432,
				"bits_per_second":	6275741.5987213682,
				"omitted":	false,
				"sender":	false
			}
		}, {
			"streams":	[{
					"socket":	5,
					"start":	9.002659,
					"end":	10.002934,
					"seconds":	1.0002750158309937,
					"bytes":	524288,
					"bits_per_second":	4193150.8171435418,
					"omitted":	false,
					"sender":	false
				}],
			"sum":	{
				"start":	9.002659,
				"end":	10.002934,
				"seconds":	1.0002750158309937,
				"bytes":	524288,
				"bits_per_second":	4193150.8171435418,
				"omitted":	false,
				"sender":	false
			}
		}, {
			"streams":	[{
					"socket":	5,
					"start":	10.002934,
					"end":	11.002219,
					"seconds":	0.99928498268127441,
					"bytes":	917504,
					"bits_per_second":	7345284.00527473,
					"omitted":	false,
					"sender":	false
				}],
			"sum":	{
				"start":	10.002934,
				"end":	11.002219,
				"seconds":	0.99928498268127441,
				"bytes":	917504,
				"bits_per_second":	7345284.00527473,
				"omitted":	false,
				"sender":	false
			}
		}, {
			"streams":	[{
					"socket":	5,
					"start":	11.002219,
					"end":	12.000367,
					"seconds":	0.998148024082184,
					"bytes":	1966080,
					"bits_per_second":	15757823.108914917,
					"omitted":	false,
					"sender":	false
				}],
			"sum":	{
				"start":	11.002219,
				"end":	12.000367,
				"seconds":	0.998148024082184,
				"bytes":	1966080,
				"bits_per_second":	15757823.108914917,
				"omitted":	false,
				"sender":	false
			}
		}, {
			"streams":	[{
					"socket":	5,
					"start":	12.000367,
					"end":	13.002583,
					"seconds":	1.0022159814834595,
					"bytes":	262144,
					"bits_per_second":	2092515.0254497426,
					"omitted":	false,
					"sender":	false
				}],
			"sum":	{
				"start":	12.000367,
				"end":	13.002583,
				"seconds":	1.0022159814834595,
				"bytes":	262144,
				"bits_per_second":	2092515.0254497426,
				"omitted":	false,
				"sender":	false
			}
		}, {
			"streams":	[{
					"socket":	5,
					"start":	13.002583,
					"end":	14.002833,
					"seconds":	1.000249981880188,
					"bytes":	0,
					"bits_per_second":	0,
					"omitted":	false,
					"sender":	false
				}],
			"sum":	{
				"start":	13.002583,
				"end":	14.002833,
				"seconds":	1.000249981880188,
				"bytes":	0,
				"bits_per_second":	0,
				"omitted":	false,
				"sender":	false
			}
		}, {
			"streams":	[{
					"socket":	5,
					"start":	14.002833,
					"end":	15.004891,
					"seconds":	1.0020580291748047,
					"bytes":	0,
					"bits_per_second":	0,
					"omitted":	false,
					"sender":	false
				}],
			"sum":	{
				"start":	14.002833,
				"end":	15.004891,
				"seconds":	1.0020580291748047,
				"bytes":	0,
				"bits_per_second":	0,
				"omitted":	false,
				"sender":	false
			}
		}],
	"end":	{
		"streams":	[{
				"sender":	{
					"socket":	5,
					"start":	0,
					"end":	15.100298,
					"seconds":	15.100298,
					"bytes":	15689944,
					"bits_per_second":	8312389.0667588143,
					"retransmits":	11,
					"reorder":	0,
					"max_snd_cwnd":	0,
					"max_snd_wnd":	0,
					"max_rtt":	0,
					"min_rtt":	0,
					"mean_rtt":	0,
					"sender":	false
				},