{
	"start":	{
		"connected":	[{
				"socket":	5,
				"local_host":	"192.168.1.71",
				"local_port":	51931,
				"remote_host":	"3.69.220.213",
				"remote_port":	5201
			}],
		"version":	"iperf 3.20",
		"system_info":	"Darwin MacBook-Pro-de-Juan-2.local 25.4.0 Darwin Kernel Version 25.4.0: Wed Feb 25 21:00:20 PST 2026; root:xnu-12377.100.630.501.3~2/RELEASE_X86_64 x86_64",
		"timestamp":	{
			"time":	"Thu, 05 Mar 2026 19:29:16 UTC",
			"timesecs":	1772738956,
			"timemillisecs":	1772738956362
		},
		"connecting_to":	{
			"host":	"3.69.220.213",
			"port":	5201
		},
		"cookie":	"yyios2tv5tni443l3wiyq5yytoheaqvpvbue",
		"tcp_mss_default":	1398,
		"target_bitrate":	0,
		"fq_rate":	0,
		"sock_bufsize":	0,
		"sndbuf_actual":	131072,
		"rcvbuf_actual":	131072,
		"test_start":	{
			"protocol":	"TCP",
			"num_streams":	1,
			"blksize":	131072,
			"omit":	0,
			"duration":	15,
			"bytes":	0,
			"blocks":	0,
			"reverse":	0,
			"tos":	0,
			"target_bitrate":	0,
			"bidir":	0,
			"fqrate":	0,
			"interval":	1
		}
	},
	"intervals":	[{
			"streams":	[{
					"socket":	5,
					"start":	0,
					"end":	1.002752,
					"seconds":	1.00275194644928,
					"bytes":	3407872,
					"bits_per_second":	27188155.651592135,
					"omitted":	false,
					"sender":	true
				}],
			"sum":	{
				"start":	0,
				"end":	1.002752,
				"seconds":	1.00275194644928,
				"bytes":	3407872,
				"bits_per_second":	27188155.651592135,
				"omitted":	false,
				"sender":	true
			}
		}, {
			"streams":	[{
					"socket":	5,
					"start":	1.002752,
					"end":	2.000426,
					"seconds":	0.997673988342285,
					"bytes":	4063232,
					"bits_per_second":	32581641.2774388,
					"omitted":	false,
					"sender":	true
				}],
			"sum":	{
				"start":	1.002752,
				"end":	2.000426,
				"seconds":	0.997673988342285,
				"bytes":	4063232,
				"bits_per_second":	32581641.2774388,
				"omitted":	false,
				"sender":	true
			}
		}, {
			"streams":	[{
					"socket":	5,
					"start":	2.000426,
					"end":	3.003965,
					"seconds":	1.003538966178894,
					"bytes":	4063232,
					"bits_per_second":	32391224.551818155,
					"omitted":	false,
					"sender":	true
				}],
			"sum":	{
				"start":	2.000426,
				"end":	3.003965,
				"seconds":	1.003538966178894,
				"bytes":	4063232,
				"bits_per_second":	32391224.551818155,
				"omitted":	false,
				"sender":	true
			}
		}, {
			"streams":	[{
					"socket":	5,
					"start":	3.003965,
					"end":	4.002235,
					"seconds":	0.99826997518539429,
					"bytes":	3801088,
					"bits_per_second":	30461402.983048379,
					"omitted":	false,
					"sender":	true
				}],
			"sum":	{
				"start":	3.003965,
				"end":	4.002235,
				"seconds":	0.99826997518539429,
				"bytes":	3801088,
				"bits_per_second":	30461402.983048379,
				"omitted":	false,
				"sender":	true
			}
		}, {
			"streams":	[{
					"socket":	5,
					"start":	4.002235,
					"end":	5.004788,
					"seconds":	1.0025529861450195,
					"bytes":	2883584,
					"bits_per_second":	23009927.972687829,
					"omitted":	false,
					"sender":	true
				}],
			"sum":	{
				"start":	4.002235,
				"end":	5.004788,
				"seconds":	1.0025529861450195,
				"bytes":	2883584,
				"bits_per_second":	23009927.972687829,
				"omitted":	false,
				"sender":	true
			}
		}, {
			"streams":	[{
					"socket":	5,
					"start":	5.004788,
					"end":	6.000935,
					"seconds":	0.99614697694778442,
					"bytes":	5242880,
					"bits_per_second":	42105272.585893266,
					"omitted":	false,
					"sender":	true
				}],
			"sum":	{
				"start":	5.004788,
				"end":	6.000935,
				"seconds":	0.99614697694778442,
				"bytes":	5242880,
				"bits_per_second":	42105272.585893266,
				"omitted":	false,
				"sender":	true
			}
		}, {
			"streams":	[{
					"socket":	5,
					"start":	6.000935,
					"end":	7.000265,
					"seconds":	0.99932998418808,
					"bytes":	4718592,
					"bits_per_second":	37774045.207569256,
					"omitted":	false,
					"sender":	true
				}],
			"sum":	{
				"start":	6.000935,
				"end":	7.000265,
				"seconds":	0.99932998418808,
				"bytes":	4718592,
				"bits_per_second":	37774045.207569256,
				"omitted":	false,
				"sender":	true
			}
		}, {
			"streams":	[{
					"socket":	5,
					"start":	7.000265,
					"end":	8.002301,
					"seconds":	1.0020359754562378,
					"bytes":	4456448,
					"bits_per_second":	35579145.732534654,
					"omitted":	false,
					"sender":	true
				}],
			"sum":	{
				"start":	7.000265,
				"end":	8.002301,
				"seconds":	1.0020359754562378,
				"bytes":	4456448,
				"bits_per_second":	35579145.732534654,
				"omitted":	false,
				"sender":	true
			}
		}, {
			"streams":	[{
					"socket":	5,
					"start":	8.002301,
					"end":	9.004182,
					"seconds":	1.0018810033798218,
					"bytes":	4456448,
					"bits_per_second":	35584649.1546703,
					"omitted":	false,
					"sender":	true
				}],
			"sum":	{
				"start":	8.002301,
				"end":	9.004182,
				"seconds":	1.0018810033798218,
				"bytes":	4456448,
				"bits_per_second":	35584649.1546703,
				"omitted":	false,
				"sender":	true
			}
		}, {
			"streams":	[{
					"socket":	5,
					"start":	9.004182,
					"end":	10.000374,
					"seconds":	0.99619197845459,
					"bytes":	4718592,
					"bits_per_second":	37893033.487943038,
					"omitted":	false,
					"sender":	true
				}],
			"sum":	{
				"start":	9.004182,
				"end":	10.000374,
				"seconds":	0.99619197845459,
				"bytes":	4718592,
				"bits_per_second":	37893033.487943038,
				"omitted":	false,
				"sender":	true
			}
		}, {
			"streams":	[{
					"socket":	5,
					"start":	10.000374,
					"end":	11.000159,
					"seconds":	0.999785006046295,
					"bytes":	4325376,
					"bits_per_second":	34610449.037278026,
					"omitted":	false,
					"sender":	true
				}],
			"sum":	{
				"start":	10.000374,
				"end":	11.000159,
				"seconds":	0.999785006046295,
				"bytes":	4325376,
				"bits_per_second":	34610449.037278026,
				"omitted":	false,
				"sender":	true
			}
		}, {
			"streams":	[{
					"socket":	5,
					"start":	11.000159,
					"end":	12.003164,
					"seconds":	1.0030050277709961,
					"bytes":	4587520,
					"bits_per_second":	36590205.416576736,
					"omitted":	false,
					"sender":	true
				}],
			"sum":	{
				"start":	11.000159,
				"end":	12.003164,
				"seconds":	1.0030050277709961,
				"bytes":	4587520,
				"bits_per_second":	36590205.416576736,
				"omitted":	false,
				"sender":	true
			}
		}, {
			"streams":	[{
					"socket":	5,
					"start":	12.003164,
					"end":	13.003923,
					"seconds":	1.00075900554657,
					"bytes":	4456448,
					"bits_per_second":	35624544.772923328,
					"omitted":	false,
					"sender":	true
				}],
			"sum":	{
				"start":	12.003164,
				"end":	13.003923,
				"seconds":	1.00075900554657,
				"bytes":	4456448,
				"bits_per_second":	35624544.772923328,
				"omitted":	false,
				"sender":	true
			}
		}, {
			"streams":	[{
					"socket":	5,
					"start":	13.003923,
					"end":	14.003448,
					"seconds":	0.999525010585785,
					"bytes":	4587520,
					"bits_per_second":	36717600.471539363,
					"omitted":	false,
					"sender":	true
				}],
			"sum":	{
				"start":	13.003923,
				"end":	14.003448,
				"seconds":	0.999525010585785,
				"bytes":	4587520,
				"bits_per_second":	36717600.471539363,
				"omitted":	false,
				"sender":	true
			}
		}, {
			"streams":	[{
					"socket":	5,
					"start":	14.003448,
					"end":	15.004348,
					"seconds":	1.0009000301361084,
					"bytes":	4849664,
					"bits_per_second":	38762424.649666667,
					"omitted":	false,
					"sender":	true
				}],
			"sum":	{
				"start":	14.003448,
				"end":	15.004348,
				"seconds":	1.0009000301361084,
				"bytes":	4849664,
				"bits_per_second":	38762424.649666667,
				"omitted":	false,
				"sender":	true
			}
		}],
	"end":	{
		"streams":	[{
				"sender":	{
					"socket":	5,
					"start":	0,
					"end":	15.004348,
					"seconds":	15.004348,
					"bytes":	64618496,
					"bits_per_second":	34453211.029229663,
					"sender":	true
				},
				"receiver":	{
					"socket":	5,
					"start":	0,
					"end":	15.210463,